web_name,form,now_cost,selected_by_percent,event_points,total_points,ict_index,influence,creativity,threat,transfers_in,transfers_out,bonus
Balogun,0.0,44,0.2,0,0,0.0,0.0,0.0,0.0,10024,62134,0
Cédric,0.0,39,0.4,0,0,0.0,0.0,0.0,0.0,34964,40565,0
M.Elneny,0.0,44,0.1,0,4,0.4,1.8,0.5,2.0,12793,18576,0
Fábio Vieira,0.0,54,0.1,0,21,21.9,79.4,63.6,77.0,11468,18469,0
Gabriel,4.0,50,17.5,1,58,51.0,322.2,74.9,112.0,1430548,2563052,4
Havertz,2.6,71,1.6,2,52,72.0,219.4,222.0,278.0,89871,392091,0
Holding,0.0,43,0.1,0,0,0.0,0.0,0.0,0.0,5365,15057,0
G.Jesus,3.0,80,5.4,1,48,95.0,216.6,233.9,500.0,972989,754328,8
Jorginho,0.0,53,0.2,0,15,12.4,50.6,64.7,9.0,9011,18682,0
Kiwior,0.4,43,0.1,1,13,8.4,52.0,12.6,18.0,4942,9356,0
Marquinhos,0.0,45,0.0,0,0,0.0,0.0,0.0,0.0,819,11730,0
Martinelli,2.8,77,5.4,5,57,114.9,239.0,457.4,458.0,936740,1807620,0
Nketiah,1.6,53,4.4,2,60,65.4,207.6,108.9,348.0,1541154,1529455,5
Ødegaard,3.4,84,16.0,2,83,145.8,407.2,667.2,384.0,1628056,2447535,12
Thomas,0.0,48,0.1,0,7,13.1,55.8,60.0,15.0,8576,37134,0
Pepe,0.0,49,0.0,0,0,0.0,0.0,0.0,0.0,667,6359,0
Ramsdale,0.0,46,6.2,0,17,5.6,55.8,0.0,0.0,262483,1435887,0
Rúnarsson,0.0,40,0.1,0,0,0.0,0.0,0.0,0.0,990,10938,0
Saka,3.0,90,59.5,7,107,199.2,557.4,751.7,681.0,4075783,3931368,11
Saliba,2.4,56,36.5,0,75,52.7,371.6,89.2,65.0,3340813,1735647,6
Sambi,3.0,49,0.0,2,15,11.1,65.0,31.2,15.0,1850,2695,1
Smith Rowe,0.4,53,0.1,0,11,12.6,44.0,18.5,65.0,5063,16330,0
Tavares,0.0,40,0.3,0,0,1.8,9.2,7.2,2.0,24516,31948,0
Tierney,0.0,44,0.1,0,0,0.0,0.0,0.0,0.0,2665,28504,0
Tomiyasu,0.2,45,0.3,1,39,26.2,139.6,67.8,57.0,79387,85950,3
Trossard,1.2,65,1.7,1,47,67.5,182.2,200.8,293.0,295906,677682,6
Trusty,1.8,39,2.4,1,18,28.8,235.6,21.7,31.0,282638,146792,0
Turner,2.6,39,12.4,3,40,34.6,347.2,0.0,0.0,1090532,1149554,0
White,2.0,56,10.8,1,69,71.5,339.8,272.8,103.0,1354252,1259437,7
Xhaka,0.0,60,0.0,0,0,0.0,0.0,0.0,0.0,0,1213,0
Zinchenko,2.4,52,12.3,0,71,67.7,270.6,310.9,96.0,1448882,904447,11
Alex Moreno,2.6,50,1.3,1,15,23.1,82.6,57.9,91.0,168883,49854,2
Archer,3.6,45,7.9,1,56,64.3,188.2,223.6,231.0,1347471,1125978,8
Bailey,3.8,57,3.8,8,74,91.5,342.8,265.9,307.0,652461,362722,5
Buendia,0.0,57,0.0,0,0,0.0,0.0,0.0,0.0,717,17049,0
Cash,0.8,47,17.6,0,50,71.2,292.6,135.4,284.0,3693468,2754793,4
Chambers,0.0,39,0.9,0,0,0.0,0.0,0.0,0.0,49982,93613,0
Coutinho,0.0,58,0.2,0,2,1.8,4.0,2.8,12.0,4781,47575,0
Davis,0.0,49,0.1,0,0,0.0,0.0,0.0,0.0,4950,22979,0
Dendoncker,3.2,49,0.0,1,20,10.0,59.2,3.9,37.0,3610,3364,3
Diego Carlos,1.8,44,0.7,1,26,28.9,185.0,41.7,63.0,81900,62623,1
Digne,2.4,46,3.9,0,56,86.8,278.2,467.3,122.0,984778,751829,2
Douglas Luiz,4.4,56,9.1,10,94,116.5,479.4,443.3,242.0,1895274,1262325,18
Duran,1.2,50,0.2,4,23,17.7,81.2,30.5,69.0,50124,45398,3
Hause,0.0,39,0.2,0,0,0.0,0.0,0.0,0.0,12829,18097,0
Iroegbunam,0.2,44,0.0,0,1,0.0,0.0,0.6,0.0,1504,3696,0
Kamara,1.0,50,0.1,0,31,51.7,215.4,263.9,36.0,14254,17952,1
Konsa,1.8,46,3.2,0,51,54.8,324.2,101.8,120.0,360855,147258,4
Martinez,3.2,52,12.2,1,61,47.4,464.0,10.0,0.0,1088701,684266,9
McGinn,4.2,56,2.0,1,78,110.7,407.2,450.9,247.0,288439,145266,8
Mings,0.0,41,1.2,0,0,2.2,3.6,13.0,5.0,10179,1067368,0
Nakamba,0.2,44,0.7,0,21,26.5,146.4,102.8,14.0,178151,233110,0
Olsen,0.0,39,0.6,0,2,1.2,12.0,0.0,0.0,25240,52499,0
Philogene,0.0,45,0.1,0,1,0.3,0.4,0.3,2.0,3755,14444,0
J.Ramsey,1.4,59,0.1,1,17,26.8,78.4,84.1,104.0,15738,19862,0
Sanson,0.0,45,0.0,0,0,0.0,0.0,0.0,0.0,0,613,0
Sinisalo,0.0,40,0.0,0,0,0.0,0.0,0.0,0.0,0,367,0
Tielemans,0.2,56,0.4,0,29,27.2,122.0,106.3,42.0,22686,97159,0
Bertrand Traoré,0.0,50,0.0,0,2,0.3,3.0,0.0,0.0,1446,3345,0
Watkins,4.6,89,54.7,8,120,167.0,537.2,372.5,759.0,6004158,2902837,14
Wesley,0.0,50,0.0,0,0,0.0,0.0,0.0,0.0,0,780,0
Anthony,0.0,49,0.0,0,3,3.0,9.0,4.6,16.0,1618,12724,0
Billing,3.2,52,0.4,1,50,72.7,266.2,243.8,217.0,62833,100371,3
Brooks,1.5,47,0.1,1,22,28.1,82.2,93.9,105.0,9311,14202,2
Christie,2.2,50,0.1,2,47,80.9,271.2,323.4,212.0,19683,16022,3
L.Cook,2.8,50,0.0,2,30,51.4,208.4,284.6,20.0,2594,3919,2
Siriki,0.0,45,0.0,0,0,0.0,0.0,0.0,0.0,0,388,0
Fredericks,0.0,43,0.0,0,0,0.0,0.0,0.0,0.0,744,2355,0
Hill,0.0,40,0.1,0,1,0.2,0.0,1.8,0.0,6669,21564,0
Kelly,0.0,45,0.0,0,20,19.5,119.6,68.5,8.0,10938,11366,3
Kilkenny,0.0,43,0.1,0,0,0.0,0.0,0.0,0.0,7926,9483,0
Kluivert,3.0,46,0.4,1,39,47.9,130.2,152.7,195.0,57829,65879,2
Lowe,0.0,49,0.0,0,0,0.0,0.0,0.0,0.0,81,1253,0
Marcondes,0.0,43,0.0,0,0,0.0,0.0,0.0,0.0,9370,9122,0
Mepham,0.0,43,0.1,0,4,6.9,34.8,12.5,21.0,2180,6700,0
Moore,0.2,46,0.2,0,13,13.1,37.4,17.6,80.0,19378,47203,2
Neto,4.8,46,3.5,2,69,48.1,480.0,0.0,0.0,480428,224815,10
O.Dango,1.8,47,0.0,1,16,30.8,92.2,89.3,124.0,1142,5120,0
Pearson,0.0,45,0.0,0,0,0.0,0.0,0.0,0.0,0,108,0
Randolph,0.0,40,0.4,0,0,0.0,0.0,0.0,0.0,8497,26818,0
Rothwell,0.5,48,0.0,0,13,11.6,45.8,63.9,5.0,827,1776,0
Semenyo,2.0,46,2.8,1,47,67.2,198.6,152.4,322.0,697904,540103,4
Senesi,6.5,45,4.6,0,56,61.6,408.0,144.3,61.0,644281,185162,7
Smith,4.2,44,0.2,1,33,29.8,167.0,127.2,2.0,19599,9096,0
Solanke,8.0,71,27.6,2,98,150.2,518.4,185.4,798.0,3363997,802518,10
Tavernier,5.0,54,0.8,6,60,93.4,302.0,350.0,282.0,179486,99570,5
Hamed Traorè,0.0,47,0.0,0,3,5.7,12.8,14.8,30.0,615,2081,0
Travers,0.0,40,0.1,0,0,0.0,0.0,0.0,0.0,468,9158,0
Zabarnyi,3.8,44,0.2,1,42,40.3,335.8,41.7,26.0,33972,26258,1
Ajer,0.0,44,0.2,0,22,32.3,122.8,94.4,107.0,42419,54097,1
Balcombe,0.0,39,0.2,0,0,0.0,0.0,0.0,0.0,9409,14965,0
Baptiste,0.5,43,1.0,0,12,12.6,63.8,24.7,39.0,107906,304008,0
Bech,0.0,40,0.1,0,0,0.0,0.0,0.0,0.0,2309,15340,0
Bidstrup,0.0,45,0.0,0,0,0.0,0.0,0.0,0.0,0,133,0
Canós,0.0,50,0.0,0,0,0.0,0.0,0.0,0.0,292,3808,0
Collins,0.2,45,0.4,1,41,47.8,310.4,51.9,114.0,107014,101658,3
Cox,0.0,40,0.0,0,0,0.0,0.0,0.0,0.0,0,521,0
Damsgaard,1.5,48,0.0,1,9,15.7,48.0,64.0,45.0,1761,10234,0
Dasilva,0.0,47,0.0,0,1,0.1,0.0,0.0,2.0,903,10567,0
Dervişoğlu,0.0,45,0.0,0,0,0.0,0.0,0.0,0.0,0,808,0
Flekken,1.8,45,2.6,2,48,37.9,378.8,0.0,0.0,463438,393382,1
Goode,0.0,39,0.2,0,0,0.0,0.0,0.0,0.0,20952,17289,0
Henry,0.0,43,0.9,0,13,15.7,72.8,67.9,17.0,559990,725960,0
Hickey,0.0,44,0.2,0,17,12.9,66.6,28.4,37.0,23274,41779,0
Janelt,1.8,53,0.1,2,45,76.2,243.8,336.1,182.0,10454,12812,1
Jensen,0.8,54,0.9,2,61,68.4,272.2,324.2,89.0,446541,459964,8
Lewis-Potter,5.0,47,0.1,7,34,43.4,130.0,80.0,226.0,7019,5373,1
Mbeumo,0.0,68,7.0,0,87,122.1,384.2,397.6,440.0,4623533,4980844,9
Mee,0.0,48,1.4,0,22,28.8,156.4,68.6,63.0,183097,629926,3
Nørgaard,1.5,54,0.1,2,42,77.1,308.8,249.8,210.0,20377,25455,2
Onyeka,0.2,49,0.0,1,20,36.1,138.4,122.7,101.0,2686,2942,0
Pinnock,1.0,46,3.6,1,50,69.4,457.4,58.0,176.0,560019,402563,5
Raya,3.4,49,6.1,1,55,22.4,224.8,0.0,0.0,733279,641489,2
Roerslev,1.5,44,0.1,4,24,29.3,147.6,126.5,17.0,7785,8784,0
Schade,0.0,53,0.1,0,19,15.1,48.2,42.0,62.0,18625,26040,2
Strakosha,0.0,39,2.0,0,4,4.3,42.8,0.0,0.0,272885,126915,0
Toney,0.0,79,0.4,0,0,0.0,0.0,0.0,0.0,48559,20999,0
Trevitt,0.0,45,0.0,0,0,0.0,0.0,0.0,0.0,236,1902,0
Wissa,3.2,57,5.6,2,65,90.4,248.6,201.5,461.0,2016217,2106553,8
Yarmoliuk,0.8,43,0.6,1,14,15.3,48.6,37.5,67.0,54873,79565,0
Zanka,0.5,43,0.1,1,4,5.9,39.4,19.3,0.0,2280,6182,0
Adingra,2.6,50,0.6,0,56,89.2,276.8,271.9,345.0,247873,225059,6
Alzate,0.0,44,0.0,0,0,0.0,0.0,0.0,0.0,2752,13181,0
Ayari,0.0,45,0.0,0,0,0.0,0.0,0.0,0.0,483,5000,0
Buonanotte,1.2,47,0.0,3,20,30.6,92.4,132.1,81.0,4756,7351,1
Caicedo,1.6,46,1.2,2,31,40.8,214.4,171.1,27.0,106370,309016,0
Connolly,0.0,45,0.0,0,0,0.0,0.0,0.0,0.0,0,3828,0
Dahoud,0.2,48,0.1,0,14,21.7,70.4,127.2,24.0,8456,18543,0
Dunk,1.0,50,2.6,0,23,66.4,369.2,96.8,198.0,357448,546343,1
Enciso,0.0,51,0.4,0,8,9.4,39.0,25.0,30.0,46625,385281,0
Estupiñan,2.4,49,18.8,6,37,55.5,232.2,206.1,117.0,2439068,5659611,5
Ferguson,1.6,59,5.5,1,57,64.2,255.8,78.1,309.0,1272125,1409698,5
Gilmour,1.8,49,0.3,3,44,62.5,194.6,347.4,83.0,83919,70050,4
Gross,4.0,64,4.2,3,82,162.6,539.4,789.7,296.0,590357,569914,15
João Pedro,4.6,54,11.7,2,71,123.4,413.2,271.9,548.0,1585292,2742846,9
Karbownik,0.0,40,0.0,0,0,0.0,0.0,0.0,0.0,0,2343,0
Kozłowski,0.0,45,0.0,0,0,0.0,0.0,0.0,0.0,0,130,0
Lallana,1.0,49,0.0,1,18,27.6,54.0,146.2,76.0,4694,8389,0
Lamptey,0.0,39,4.2,0,9,8.2,44.0,31.1,7.0,675575,956676,0
March,0.0,61,2.2,0,39,46.4,197.4,126.5,139.0,1021572,1234830,6
McGill,0.0,39,0.3,0,0,0.0,0.0,0.0,0.0,19513,18812,0
Milner,2.2,48,0.1,3,24,42.6,144.0,235.2,46.0,8271,22061,0
Mitoma,0.8,64,15.3,0,63,118.9,294.2,346.3,547.0,2897036,5167508,7
Moder,0.4,44,0.1,1,4,4.4,13.0,24.2,6.0,6969,10022,0
Sanchez,0.6,46,3.9,0,59,45.2,450.6,0.1,0.0,996176,975134,7
Sarmiento,0.0,45,0.0,0,0,0.0,0.0,0.0,0.0,0,1558,0
Scherpen,0.0,40,0.0,0,0,0.0,0.0,0.0,0.0,0,33,0
Steele,1.8,42,2.0,8,27,23.7,236.8,0.1,0.0,138397,480219,2
Undav,0.0,55,0.0,0,0,0.0,0.0,0.0,0.0,0,4452,0
Van Hecke,2.8,40,2.1,8,29,48.9,344.8,64.7,78.0,277611,210346,3
Veltman,0.2,43,0.5,0,20,28.5,180.4,55.3,49.0,98643,159019,0
Verbruggen,1.4,44,0.4,0,20,23.3,232.6,0.0,0.0,34686,48843,2
Webster,1.2,42,0.1,6,11,18.0,125.4,30.4,23.0,16674,34806,0
Welbeck,3.2,57,0.6,2,31,40.4,121.4,103.1,179.0,84266,261112,4
Zeqiri,0.0,44,0.5,0,0,0.0,0.0,0.0,0.0,25876,101353,0
Agyei,0.0,43,0.2,0,0,0.0,0.0,0.0,0.0,32865,34004,0
Al-Dakhil,0.2,38,0.7,0,10,18.6,121.2,30.9,34.0,112609,98163,0
Bastien,0.0,49,0.0,0,0,0.0,0.0,0.0,0.0,326,2650,0
Benson,0.2,52,0.1,0,4,4.0,8.0,9.1,22.0,2030,15707,0
Beyer,2.0,40,1.5,1,30,41.3,330.8,46.1,35.0,99998,373334,4
Brownhill,2.2,47,0.3,2,50,69.8,289.6,267.7,138.0,55123,57569,0
Churlinov,0.0,44,0.0,0,0,0.0,0.0,0.0,0.0,1336,3698,0
Cork,0.0,48,0.0,0,1,0.5,1.8,0.9,2.0,727,2698,0
Costelloe,0.0,45,0.0,0,0,0.0,0.0,0.0,0.0,101,2884,0
Cullen,0.0,50,0.1,0,18,26.1,128.8,114.2,18.0,7299,10474,0
Egan-Riley,0.0,39,0.2,0,0,0.0,0.0,0.0,0.0,22721,20598,0
Ekdal,0.2,39,0.1,0,3,2.8,14.6,12.0,2.0,9369,20582,0
Foster,2.8,48,0.6,6,47,56.1,245.4,117.9,198.0,267007,256924,4
Franchi,0.0,39,0.1,0,0,0.0,0.0,0.0,0.0,10250,12761,0
Gudmundsson,1.4,48,0.0,5,24,56.1,128.8,355.6,75.0,3318,6158,0
McNally,0.0,40,0.0,0,0,0.0,0.0,0.0,0.0,0,1726,0
Muric,0.0,43,0.1,0,0,0.0,0.0,0.0,0.0,1944,17417,0
O'Shea,2.4,44,0.2,4,31,55.9,355.0,97.3,104.0,16202,21410,1
Obafemi,0.0,49,0.0,0,2,1.7,0.0,0.6,17.0,3285,6193,0
Peacock-Farrell,0.0,40,0.0,0,0,0.0,0.0,0.0,0.0,0,1014,0
Roberts,0.6,43,0.2,1,11,23.8,138.2,93.1,8.0,14590,30385,0
Rodriguez,1.4,53,0.3,0,33,38.0,129.8,50.7,206.0,49554,55563,3
Taylor,1.6,40,5.5,0,34,43.4,274.8,126.9,30.0,801897,338700,1
Thomas,0.0,40,0.0,0,0,0.0,0.0,0.0,0.0,0,1328,0
Twine,0.0,49,0.0,0,0,0.0,0.0,0.0,0.0,119,2675,0
Vigouroux,0.0,39,0.3,0,0,0.0,0.0,0.0,0.0,16774,14230,0
Vitinho,2.2,44,0.1,1,26,23.1,110.2,80.0,41.0,7541,14413,0
Weghorst,0.0,55,0.0,0,0,0.0,0.0,0.0,0.0,0,14914,0
Zaroury,0.0,47,0.0,0,3,4.8,3.8,31.6,19.0,1839,12273,0
Ampadu,0.0,40,0.0,0,0,0.0,0.0,0.0,0.0,0,896,0
Andrey,0.0,43,0.1,0,1,0.2,0.0,0.5,3.0,14638,20009,0
Arrizabalaga,0.0,50,0.2,0,0,0.0,0.0,0.0,0.0,1775,84504,0
Aubameyang,0.0,65,0.0,0,0,0.0,0.0,0.0,0.0,0,1979,0
Azpilicueta,0.0,45,0.0,0,0,0.0,0.0,0.0,0.0,0,99,0
Baba,0.0,40,0.0,0,0,0.0,0.0,0.0,0.0,0,283,0
B.Badiashile,2.4,44,0.1,0,17,18.5,123.8,36.5,25.0,21155,13238,4
Bettinelli,-0.2,40,0.0,0,-1,0.0,0.0,0.0,0.0,1868,2365,0
Broja,1.4,49,0.2,2,22,20.7,50.2,41.4,123.0,74672,66881,0
Chalobah,0.0,43,0.0,0,0,0.0,0.0,0.0,0.0,803,16968,0
Chilwell,0.0,54,4.8,0,15,28.1,57.0,136.4,88.0,2120723,3157616,2
Chukwuemeka,0.0,42,1.0,0,6,9.9,34.8,25.1,39.0,256152,432709,0
Colwill,2.2,47,7.3,1,54,55.6,304.6,97.4,153.0,1131392,700157,3
Cucurella,0.4,48,0.4,0,10,29.9,148.4,92.3,58.0,54849,83810,0
Enzo,0.8,48,2.3,1,45,78.9,256.0,281.8,252.0,347363,553033,3
D.D.Fofana,0.0,50,0.0,0,0,0.0,0.0,0.0,0.0,0,371,0
W.Fofana,0.0,44,0.0,0,0,0.0,0.0,0.0,0.0,763,3253,0
Gallagher,1.6,54,0.5,2,53,93.0,339.2,415.1,180.0,85783,92768,4
Gusto,2.0,42,6.7,0,34,34.5,165.0,137.8,42.0,2073092,1582061,5
Hall,0.8,43,0.2,1,6,4.8,27.0,4.4,17.0,18591,28186,0
Hudson-Odoi,1.0,47,0.1,1,26,27.7,84.4,124.5,67.0,40864,40752,3
James,0.2,53,3.0,0,9,33.2,115.2,156.9,59.0,507120,1738057,0
Lukaku,0.0,68,0.3,0,0,0.0,0.0,0.0,0.0,9006,61453,0
Madueke,2.8,53,0.1,7,21,28.1,100.8,83.7,97.0,16700,15541,1
Mount,0.0,68,0.8,0,12,18.0,53.0,86.3,40.0,24805,281964,0
Mudryk,2.6,63,1.1,0,54,58.3,189.4,214.6,181.0,144994,322839,4
N.Jackson,3.0,69,5.4,5,66,124.2,384.6,244.2,617.0,1631122,2619005,5
Nkunku,2.0,74,3.7,1,10,13.0,38.2,22.8,72.0,432893,217895,2
Pulisic,0.0,55,0.0,0,0,0.0,0.0,0.0,0.0,0,399,0
M.Sarr,0.0,43,0.1,0,0,0.0,0.0,0.0,0.0,4642,9392,0
Slonina,0.0,40,0.0,0,0,0.0,0.0,0.0,0.0,0,4101,0
Sterling,2.2,71,8.3,0,81,121.7,340.6,358.3,519.0,2968326,2470667,6
T.Silva,2.2,50,3.9,1,51,62.4,454.0,90.0,78.0,378388,325568,5
Ziyech,0.0,54,0.1,0,0,0.0,0.0,0.0,0.0,1010,16398,0
Ahamada,0.2,43,0.7,0,9,3.7,9.6,17.6,9.0,163576,126416,0
Andersen,1.0,49,17.0,2,69,91.2,520.2,193.0,199.0,2966436,1515118,9
J.Ayew,3.4,54,0.4,5,60,94.8,313.2,255.4,380.0,100645,106459,0
Clyne,1.4,44,0.1,2,17,11.9,82.8,23.0,12.0,7902,11837,0
C.Doucouré,0.0,49,0.1,0,21,34.2,165.8,138.5,36.0,11501,14753,0
Ebiowei,0.0,44,0.0,0,0,0.0,0.0,0.0,0.0,2156,5904,0
Edouard,0.2,54,1.7,0,59,96.6,295.0,183.6,485.0,974814,1040206,9
Eze,2.6,60,3.0,9,49,99.4,271.0,398.8,323.0,608689,1843680,3
Guaita,0.0,44,0.2,0,0,0.0,0.0,0.0,0.0,2528,69869,0
Guéhi,2.0,45,3.6,5,56,47.0,370.0,63.9,35.0,628690,452434,6
Hughes,0.6,49,0.0,1,26,40.9,168.8,202.4,39.0,2021,2041,0
Johnstone,0.4,45,2.6,0,56,25.6,254.4,0.0,0.0,703176,665923,7
Lerma,1.6,47,0.1,2,36,61.4,182.8,246.2,185.0,10643,37148,3
Mateta,4.8,49,0.9,2,48,60.1,190.2,210.7,200.0,183572,140526,5
Matthews,0.2,39,0.1,0,1,0.1,1.0,0.0,0.0,6278,8401,0
Mitchell,1.6,47,3.6,6,62,60.0,354.8,188.2,56.0,969518,675107,6
O'Brien,0.0,40,0.0,0,0,0.0,0.0,0.0,0.0,415,10220,0
Olise,8.0,59,1.6,15,55,90.2,304.6,321.6,274.0,229157,79125,11
Plange,0.0,45,0.0,0,0,0.0,0.0,0.0,0.0,0,1524,0
C.Richards,1.0,39,0.6,2,12,17.9,140.8,30.0,8.0,63299,50767,0
Riedewald,0.4,43,0.1,0,7,2.2,9.4,5.0,8.0,7919,9408,0
Schlupp,1.8,49,0.1,1,43,52.9,191.0,168.2,172.0,16513,24005,1
Tomkins,0.0,40,0.4,0,1,0.0,0.2,0.0,0.0,21117,67166,0
Ward,0.2,45,0.2,0,36,31.9,219.6,69.4,31.0,33503,41750,0
Whitworth,0.0,39,1.0,0,0,0.0,0.0,0.0,0.0,22425,50007,0
André Gomes,1.8,44,0.1,1,9,10.6,36.8,46.0,25.0,9824,24869,0
Branthwaite,1.4,41,3.3,1,45,41.8,314.4,43.2,61.0,469516,173941,5
Calvert-Lewin,2.4,58,1.0,2,45,71.9,157.4,134.9,438.0,344203,339574,3
Coleman,0.2,44,0.0,1,7,2.1,16.0,2.2,2.0,2061,5627,0
Dele,0.0,48,0.0,0,0,0.0,0.0,0.0,0.0,703,3530,0
A.Doucoure,2.2,55,0.7,0,76,108.3,339.0,293.6,447.0,380679,343281,7
Garner,2.2,49,0.1,2,49,80.6,309.6,356.5,140.0,28112,24428,2
Gbamin,0.0,44,0.0,0,0,0.0,0.0,0.0,0.0,330,2451,0
Godfrey,1.2,43,0.1,0,7,1.0,9.6,0.8,0.0,5324,12874,0
Gray,0.0,53,0.1,0,0,0.0,0.0,0.0,0.0,1890,30855,0
Gana,0.0,48,0.0,0,26,38.2,158.6,139.3,84.0,3338,6019,2
Holgate,0.0,40,0.4,0,0,0.0,0.0,0.0,0.0,4656,134817,0
Iwobi,2.8,53,0.8,2,53,88.3,262.8,316.9,302.0,137657,146374,3
Keane,3.2,43,0.2,1,18,20.0,106.0,4.0,90.0,13466,23380,2
Maupay,2.0,49,1.0,1,41,68.9,165.6,152.3,374.0,183670,202223,4
McNeil,3.4,54,0.7,1,62,98.8,324.6,429.6,234.0,101926,47564,3
Mykolenko,2.0,46,5.7,1,65,60.1,336.0,101.8,164.0,837049,280614,7
Onana,3.4,47,0.2,2,39,51.4,176.0,160.7,175.0,18508,29572,3
Patterson,1.6,44,0.2,0,33,35.2,195.2,131.5,24.0,22489,29050,3
Pickford,4.4,45,9.5,2,68,48.1,441.2,40.2,0.0,606784,1074543,6
Simms,0.0,45,0.0,0,0,0.0,0.0,0.0,0.0,0,3591,0
Tarkowski,2.8,45,5.8,0,66,79.8,465.8,143.3,186.0,793830,409883,6
J.Virginia,0.0,39,0.5,0,0,0.0,0.0,0.0,0.0,49468,54367,0
Andreas,2.4,53,1.0,1,65,92.8,241.8,548.9,137.0,238807,243367,3
Cairney,3.6,49,0.1,6,48,45.5,187.8,166.8,99.0,11082,6290,2
I.Cavaleiro,0.0,50,0.0,0,0,0.0,0.0,0.0,0.0,0,1003,0
De Cordova-Reid,2.8,53,0.1,10,53,49.5,194.8,108.5,197.0,26206,30259,5
Diop,0.4,44,0.4,1,25,22.4,179.4,17.2,27.0,85985,111887,2
Francois,0.0,44,0.0,0,0,0.0,0.0,0.0,0.0,2235,3680,0
Knockaert,0.0,44,0.0,0,0,0.0,0.0,0.0,0.0,941,7922,0
Kongolo,0.0,40,0.1,0,0,0.0,0.0,0.0,0.0,1162,10538,0
Leno,2.8,48,16.4,1,71,61.6,617.6,0.1,0.0,1651382,861461,10
Lukić,0.4,43,0.3,0,15,12.3,46.2,50.0,30.0,67953,81947,0
Mbabu,0.0,40,0.2,0,0,0.0,0.0,0.0,0.0,4952,41658,0
Mitrović,0.0,74,0.7,0,1,3.3,6.4,0.3,26.0,15553,356024,0
Muniz,1.0,44,0.4,0,10,18.7,21.4,57.8,113.0,72547,84305,0
J.Palhinha,2.2,50,0.3,2,48,59.5,350.6,99.9,145.0,76047,68968,6
Ream,0.0,45,0.7,0,34,29.2,231.4,15.9,45.0,270117,269415,4
Reed,0.8,45,0.3,1,29,27.3,119.6,137.7,16.0,34720,92530,0
Robinson,2.2,44,1.3,2,45,77.5,412.2,275.7,86.0,166655,106545,3
Rodák,0.0,39,0.4,0,-1,0.0,0.0,0.0,0.0,17993,24854,0
Tete,0.2,44,0.3,0,20,26.1,141.0,65.7,54.0,27475,62369,0
Tosin,3.8,43,0.3,2,27,23.0,183.6,16.7,29.0,33996,18102,2
Vinícius,1.4,46,1.3,0,22,28.2,83.6,61.3,139.0,132208,392268,2
Wilson,3.0,53,0.2,1,52,59.9,209.4,194.9,195.0,45815,46258,0
Adrián,0.0,39,0.3,0,0,0.0,0.0,0.0,0.0,13676,21844,0
Alexander-Arnold,5.2,85,28.8,0,97,131.7,420.6,754.6,141.0,2587711,1445984,18
A.Becker,3.6,57,12.8,1,77,42.9,420.4,10.1,0.0,1093653,905988,9
Bajcetic,0.0,47,0.0,0,0,0.0,0.0,0.0,0.0,1069,5009,0
Darwin,3.4,74,13.5,5,77,124.1,351.8,243.5,645.0,2622126,2699959,6
Diogo J.,2.6,77,2.8,7,57,78.0,244.6,175.9,361.0,525574,559410,2
Elliott,2.2,48,0.2,0,28,33.7,111.6,137.9,89.0,22808,29917,0
Fabinho,0.0,50,0.0,0,0,0.0,0.0,0.0,0.0,0,1100,0
Gakpo,2.8,72,2.2,5,42,62.0,198.4,128.6,299.0,191426,619348,3
Gomez,1.8,45,1.3,1,39,41.4,170.4,164.2,79.0,160014,70509,1
Henderson,0.0,50,0.0,0,0,0.0,0.0,0.0,0.0,0,807,0
Jones,3.4,49,0.1,9,24,29.9,114.0,77.1,112.0,8402,14973,2
Kelleher,0.0,37,1.4,0,7,3.2,32.6,0.0,0.0,283422,180542,0
Konaté,2.0,49,1.8,1,36,36.0,208.6,80.8,71.0,268682,277902,0
Luis Díaz,2.2,73,6.1,1,56,90.6,208.2,304.3,395.0,1589988,1708296,1
Mac Allister,0.2,58,2.7,1,32,39.9,200.0,168.7,31.0,166916,1014540,3
Matip,0.0,49,0.3,0,21,26.1,192.8,33.3,35.0,68163,78775,0
Phillips,0.0,40,0.1,0,0,0.0,0.0,0.0,0.0,2433,18488,0
Robertson,0.0,64,2.2,0,26,52.7,196.2,284.3,46.0,468850,720661,3
Salah,8.4,132,42.5,16,156,233.1,771.0,618.5,939.0,4123791,2657190,21
Szoboszlai,2.0,71,5.2,2,73,104.8,321.4,520.1,208.0,871963,811080,6
Thiago,0.0,48,0.1,0,0,0.0,0.0,0.0,0.0,2152,19766,0
Tsimikas,2.0,47,3.5,0,45,43.0,154.8,248.4,26.0,1861617,1536871,4
Van den Berg,0.0,40,0.0,0,0,0.0,0.0,0.0,0.0,0,2420,0
Virgil,3.6,63,12.2,1,71,81.3,492.0,100.2,219.0,1030613,874666,8
Adebayo,4.2,48,1.1,6,50,63.8,211.8,131.6,294.0,146398,144885,3
Andersen,0.5,39,0.8,0,15,15.6,126.8,1.8,27.0,205663,208595,1
Bell,2.5,39,3.2,1,22,37.1,234.4,95.3,42.0,182609,648784,1
Berry,0.0,47,0.0,0,2,0.2,0.0,0.0,2.0,1324,6336,0
Burke,0.0,40,0.1,0,13,25.6,131.2,73.8,51.0,25010,22173,0
Campbell,0.0,49,0.0,0,0,0.0,0.0,0.0,0.0,182,3870,0
Clark,0.2,48,0.0,0,4,3.1,16.8,11.8,2.0,708,1633,0
Doughty,6.2,44,2.1,9,58,99.7,324.8,540.8,132.0,246636,56971,10
Freeman,0.0,49,0.0,0,0,0.0,0.0,0.0,0.0,59,1921,0
Macey,0.0,40,0.2,0,0,0.0,0.0,0.0,0.0,1324,42870,0
McAtee,0.0,45,0.4,0,0,0.0,0.0,0.0,0.0,7174,234278,0
Mendes,0.0,45,0.0,0,0,0.0,0.0,0.0,0.0,0,1455,0
Morris,2.5,50,2.0,1,63,67.9,191.0,124.0,366.0,1110631,1055689,7
Muskwe,0.0,45,0.1,0,0,0.0,0.0,0.0,0.0,1383,18564,0
Ogbene,0.8,49,0.1,1,36,53.9,171.0,204.1,163.0,20500,25026,2
Onyedinma,0.0,50,0.0,0,0,0.0,0.0,0.0,0.0,0,202,0
Osho,2.0,44,0.0,1,20,24.3,214.4,3.6,25.0,5080,4210,0
Pepple,0.0,45,0.1,0,0,0.0,0.0,0.0,0.0,838,17346,0
Pereira,0.0,44,0.0,0,0,0.0,0.0,0.0,0.0,1744,17454,0
Potts,0.0,39,0.1,0,0,0.0,0.0,0.0,0.0,8797,10653,0
Rea,0.0,44,0.0,0,0,0.0,0.0,0.0,0.0,883,5262,0
Shea,0.0,43,0.1,0,0,0.0,0.0,0.0,0.0,2569,12427,0
Taylor,0.0,45,0.1,0,0,0.0,0.0,0.0,0.0,0,25014,0
Thorpe,0.0,45,0.0,0,0,0.0,0.0,0.0,0.0,14,603,0
Walton,0.0,40,0.0,0,0,0.0,0.0,0.0,0.0,0,801,0
Watson,0.0,44,0.1,0,0,0.0,0.0,0.0,0.0,3951,28688,0
Woodrow,0.2,44,0.6,1,8,10.7,26.2,49.6,32.0,126172,142438,0
Akanji,2.0,49,5.1,6,49,49.5,295.4,125.7,73.0,1083265,1121667,1
Aké,3.5,50,6.0,6,54,52.5,251.6,102.7,170.0,838323,787072,4
J.Alvarez,5.5,70,35.1,7,97,156.1,430.4,661.3,469.0,6034549,3170311,14
Bernardo,6.8,65,5.2,3,81,125.2,456.2,499.0,296.0,744554,698853,13
Bobb,0.2,44,0.1,1,12,11.3,35.0,55.0,23.0,9719,9104,0
Cancelo,0.0,58,1.0,0,0,0.0,0.0,0.0,0.0,23685,273124,0
Carson,0.0,39,0.1,0,0,0.0,0.0,0.0,0.0,6158,7161,0
Charles,0.0,45,0.0,0,0,0.0,0.0,0.0,0.0,0,36,0
De Bruyne,0.0,102,4.8,0,1,2.2,2.4,18.8,1.0,380688,1329280,0
Rúben,1.0,55,6.5,1,36,49.4,284.0,102.3,106.0,605642,759957,1
Doyle,1.0,44,0.1,2,15,16.6,82.6,67.5,16.0,10271,8400,0
Ederson M.,2.5,55,16.2,6,54,32.9,320.2,10.0,0.0,1229117,1336949,0
Foden,6.8,78,21.1,12,96,152.5,451.0,584.9,487.0,3027607,1827782,12
Grealish,5.0,72,2.0,1,39,70.4,214.2,267.2,222.0,163722,522814,6
Haaland,0.0,139,53.7,0,112,159.8,588.6,197.5,810.0,1645449,5149882,15
Kovačić,1.2,47,0.4,2,24,30.0,99.2,153.4,48.0,40233,114922,0
Laporte,0.0,49,0.1,0,1,2.9,11.4,0.1,17.0,2340,34386,0
R.Lewis,2.2,43,0.4,1,30,17.9,62.0,72.9,44.0,74628,85696,1
Mahrez,0.0,75,0.0,0,0,0.0,0.0,0.0,0.0,0,5556,0
McAtee,3.0,44,0.8,0,41,52.3,174.6,189.5,159.0,180134,108761,0
Ortega Moreno,0.0,38,0.8,0,2,1.9,18.6,0.0,0.0,90372,87657,0
Palmer,6.8,56,29.3,18,92,125.8,465.2,393.9,401.0,3824618,850159,11
Perrone,0.0,44,0.0,0,0,0.0,0.0,0.0,0.0,332,2257,0
Phillips,0.0,47,0.0,0,4,3.1,16.2,9.3,6.0,2139,4628,0
Rodrigo,3.8,56,5.0,10,63,100.5,426.8,347.0,232.0,1258401,1333690,7
Sergio Gómez,0.0,39,0.9,0,5,3.8,19.4,14.6,4.0,137698,147793,0
Steffen,0.0,39,0.2,0,0,0.0,0.0,0.0,0.0,19001,17158,0
Stones,0.8,53,2.7,0,19,11.1,53.4,49.3,8.0,116803,2244667,0
Walker,2.8,54,16.7,6,59,63.5,243.2,329.2,63.0,2362892,1281787,4
Alex Telles,0.0,45,0.0,0,0,0.0,0.0,0.0,0.0,0,710,0
Amad,0.2,44,0.0,1,1,4.3,7.4,12.5,23.0,1467,3996,0
Antony,1.8,68,0.6,1,26,50.8,120.8,230.2,162.0,30357,113353,0
B.Fernandes,1.0,82,10.0,2,68,160.4,464.6,812.9,327.0,1386862,2998414,10
B.Williams,0.0,40,0.1,0,0,0.0,0.0,0.0,0.0,1224,12761,0
Bailly,0.0,40,0.1,0,0,0.0,0.0,0.0,0.0,2895,16407,0
Casemiro,0.0,53,2.0,0,21,40.3,167.2,112.6,123.0,141945,446072,0
Dalot,1.0,51,3.3,0,58,77.0,348.0,327.2,93.0,620737,508684,8
Elanga,5.2,50,2.0,5,76,104.5,367.8,261.9,417.0,359023,224940,4
Eriksen,0.8,58,0.4,1,33,45.0,175.6,193.8,79.0,46924,77759,4
Fernandez,0.0,40,0.1,0,0,0.0,0.0,0.0,0.0,5187,25342,0
Fred,0.0,50,0.0,0,0,0.0,0.0,0.0,0.0,322,10788,0
Garnacho,5.0,48,5.1,4,55,90.4,209.6,252.3,447.0,655502,394297,2
Hannibal,0.4,43,0.1,0,11,9.0,48.2,29.8,13.0,45827,40360,0
Heaton,0.0,40,0.1,0,0,0.0,0.0,0.0,0.0,3624,8933,0
Henderson,1.8,44,0.3,3,9,12.2,121.4,0.0,0.0,34475,44174,0
Lindelof,0.0,45,0.3,0,42,33.4,199.4,93.7,40.0,86111,84990,3
Maguire,0.2,42,1.3,0,36,32.0,218.8,39.4,60.0,417362,358094,2
Mainoo,1.4,44,0.2,1,12,13.0,83.8,30.8,15.0,29604,17413,0
Malacia,0.0,43,0.0,0,0,0.0,0.0,0.0,0.0,647,4716,0
Martial,0.2,64,0.3,0,25,24.5,67.2,85.0,97.0,33880,46710,2
Martinez,0.0,47,2.2,0,5,11.9,74.0,43.5,2.0,84380,579641,0
McTominay,1.8,47,1.6,1,64,75.5,340.4,78.8,334.0,392743,247651,5
Mengi,1.8,40,2.1,0,26,34.4,262.6,20.6,60.0,300163,108692,1
Pellistri,0.6,43,0.2,0,13,13.3,47.0,19.3,66.0,51695,47021,0
R.Varane,1.4,49,2.3,0,28,27.7,182.0,28.7,66.0,445922,613336,2
Rashford,2.8,84,10.7,7,60,90.3,245.0,224.0,436.0,801720,4314203,0
Sancho,0.0,67,0.4,0,3,3.6,9.8,14.8,12.0,6817,69170,0
Shaw,1.2,52,3.2,0,21,34.7,161.8,164.2,21.0,285614,2344652,0
Shoretire,0.0,44,0.2,0,0,0.0,0.0,0.0,0.0,34198,33784,0
Van de Beek,0.0,47,0.0,0,1,1.6,0.0,10.3,6.0,1483,4570,0
Wan-Bissaka,0.6,44,2.1,1,29,30.2,186.2,83.6,31.0,568584,671633,5
Almirón,3.0,62,4.0,1,60,78.3,240.2,238.7,307.0,769755,1129227,4
Anderson,0.0,42,1.7,0,19,25.7,83.2,88.8,85.0,337335,719223,0
Ashby,0.0,40,0.0,0,0,0.0,0.0,0.0,0.0,0,2250,0
Botman,1.8,45,5.4,6,39,33.8,219.6,37.9,80.0,1626695,2841933,4
Bruno G.,2.6,58,2.0,1,52,96.5,331.6,411.6,220.0,208894,355692,3
Burn,3.4,44,4.3,1,54,54.7,295.4,63.2,188.0,1607919,1509428,2
Darlow,0.0,40,0.0,0,0,0.0,0.0,0.0,0.0,0,952,0
Dubravka,4.4,42,8.2,8,25,25.4,243.8,10.0,0.0,892287,161743,1
Fraser,0.0,49,0.0,0,0,0.0,0.0,0.0,0.0,285,4192,0
Gillespie,0.0,39,0.1,0,0,0.0,0.0,0.0,0.0,5317,5487,0
Gordon,3.2,61,19.3,5,97,123.8,431.6,335.1,475.0,3828020,1921520,8
Hayden,0.0,44,0.0,0,0,0.0,0.0,0.0,0.0,851,4742,0
Hendrick,0.0,44,0.0,0,0,0.0,0.0,0.0,0.0,716,4940,0
Isak,3.2,76,14.3,6,72,97.1,361.2,154.0,458.0,2728095,3424254,9
Joelinton,1.8,58,0.5,1,41,66.1,247.8,248.8,165.0,75018,138581,3
Krafth,1.6,44,0.0,0,10,9.6,28.8,62.8,5.0,1418,1949,1
Kuol,0.0,45,0.0,0,0,0.0,0.0,0.0,0.0,0,643,0
Lascelles,1.4,41,5.7,1,44,33.6,231.6,34.9,69.0,1060430,528586,3
J.Lewis,0.0,40,0.0,0,0,0.0,0.0,0.0,0.0,0,855,0
Longstaff,2.4,48,0.4,4,49,63.1,251.2,191.9,186.0,153534,143859,0
Manquillo,0.0,40,0.0,0,0,0.0,0.0,0.0,0.0,3232,6236,0
J.Murphy,0.0,48,0.1,0,24,19.5,103.4,54.3,39.0,29809,45278,3
Pope,0.0,53,5.7,0,56,30.1,297.4,0.0,4.0,547627,1159976,1
Ritchie,0.4,43,0.2,0,6,7.6,18.6,5.2,52.0,16998,22441,0
Saint-Maximin,0.0,60,0.0,0,0,0.0,0.0,0.0,0.0,0,5346,0
Schär,0.6,53,5.9,0,56,57.3,380.6,82.7,109.0,1167012,841331,4
Targett,0.0,42,0.1,0,2,2.2,9.2,11.9,0.0,5902,17807,0
Tonali,0.0,52,1.1,0,16,23.8,81.8,105.0,50.0,194967,345260,0
Trippier,0.4,67,37.8,0,85,138.4,504.4,807.1,73.0,3758844,3312831,18
Watts,0.0,40,0.1,0,0,0.0,0.0,0.0,0.0,0,8075,0
Willock,0.0,53,0.1,0,4,9.8,23.4,27.7,47.0,6642,23161,0
Wilson,1.8,78,3.9,0,55,80.8,286.0,74.6,454.0,819493,1313369,4
B.Aguilera,0.0,45,0.0,0,0,0.0,0.0,0.0,0.0,0,1121,0
Arter,0.0,43,0.1,0,0,0.0,0.0,0.0,0.0,28275,23761,0
Aurier,0.0,45,0.8,0,27,31.8,187.6,84.8,45.0,257740,254862,3
Awoniyi,0.0,63,1.3,0,42,46.8,191.2,111.6,167.0,831102,853718,3
Biancone,0.0,39,0.1,0,0,0.0,0.0,0.0,0.0,1479,9116,0
Boly,0.2,45,0.4,1,37,53.9,317.8,59.1,161.0,123873,110375,3
Bowler,0.0,45,0.0,0,0,0.0,0.0,0.0,0.0,0,342,0
Cook,0.0,45,0.0,0,0,0.0,0.0,0.0,0.0,0,2316,0
Danilo,1.4,53,0.1,2,18,11.7,52.6,39.1,26.0,2861,11641,0
Dennis,0.0,48,0.1,0,0,0.0,0.0,0.0,0.0,6239,51234,0
Dräger,0.0,40,0.1,0,0,0.0,0.0,0.0,0.0,796,10478,0
Felipe,0.2,44,0.0,0,1,4.9,25.8,11.3,12.0,1419,3515,0
Freuler,0.0,49,0.0,0,0,0.0,0.0,0.0,0.0,105,1962,0
Gibbs-White,3.6,57,1.4,7,66,115.5,319.4,561.5,274.0,222571,323506,4
Hennessey,0.0,40,0.2,0,0,0.0,0.0,0.0,0.0,4600,15807,0
Horvath,0.0,43,0.1,0,0,0.0,0.0,0.0,0.0,2456,8635,0
Johnson,4.2,58,0.7,6,53,78.3,200.6,255.7,327.0,123174,114472,2
Kouyaté,0.8,48,0.0,0,10,7.0,36.0,14.2,19.0,857,2318,0
Laryea,0.0,45,0.0,0,0,0.0,0.0,0.0,0.0,0,495,0
Mangala,1.0,50,0.0,0,37,31.0,192.8,90.6,27.0,3888,4628,0
Mbe Soh,0.0,40,0.0,0,0,0.0,0.0,0.0,0.0,589,7587,0
McKenna,0.0,44,0.1,0,12,13.8,89.0,32.4,17.0,5711,10111,1
Mighten,0.0,44,0.0,0,0,0.0,0.0,0.0,0.0,874,3306,0
Niakhaté,1.6,45,0.1,2,18,25.7,188.8,46.6,22.0,4900,5597,1
O'Brien,0.0,49,0.0,0,0,0.0,0.0,0.0,0.0,68,1200,0
Ojeda,0.0,45,0.0,0,0,0.0,0.0,0.0,0.0,0,385,0
Panzo,0.0,40,0.1,0,0,0.0,0.0,0.0,0.0,884,9611,0
O.Richards,0.0,44,0.0,0,0,0.0,0.0,0.0,0.0,88,3860,0
G.Scarpa,0.0,45,0.0,0,0,0.0,0.0,0.0,0.0,296,5317,0
J.Shelvey,0.0,48,0.0,0,0,0.0,0.0,0.0,0.0,290,2827,0
Surridge,0.0,45,0.1,0,0,0.0,0.0,0.0,0.0,0,26824,0
Toffolo,2.0,44,0.2,1,40,63.2,262.0,210.2,161.0,31177,22461,3
Ui-jo,0.0,44,0.3,0,0,0.0,0.0,0.0,0.0,22938,125852,0
Williams,2.0,43,0.2,1,17,30.4,172.2,109.3,22.0,9725,20483,2
Wood,6.4,49,1.7,2,66,80.0,314.4,140.6,347.0,275313,168750,10
Worrall,0.2,43,0.1,0,13,13.0,90.0,22.1,18.0,5241,9156,3
Yates,1.8,48,0.0,2,24,31.1,141.4,57.0,114.0,1519,3666,1
Ahmedhodžić,3.4,43,0.2,0,21,36.6,245.4,21.3,97.0,12188,39077,4
Amissah,0.0,39,0.4,0,0,0.0,0.0,0.0,0.0,25848,25550,0
Baldock,0.6,39,6.3,1,19,26.9,159.2,92.0,19.0,566018,1271854,2
Basham,0.0,39,0.4,0,8,11.1,69.2,27.4,14.0,97544,108060,0
Berge,2.4,47,0.1,-2,41,51.5,242.4,175.3,98.0,12519,20120,3
Bogle,1.4,45,0.1,0,32,37.9,198.6,69.9,110.0,23056,20277,0
Brewster,0.4,49,0.0,1,7,5.8,14.4,15.1,27.0,2911,7918,0
Coulibaly,0.0,44,0.0,0,0,0.0,0.0,0.0,0.0,4434,5879,0
A.Davies,0.0,40,0.2,0,0,0.0,0.0,0.0,0.0,8245,13432,0
Egan,0.0,43,0.1,0,1,13.1,91.2,1.4,38.0,4363,14802,0
Fleck,0.0,49,0.0,0,3,3.3,5.4,26.0,2.0,646,1254,0
Foderingham,3.4,45,0.4,1,49,61.6,615.2,0.0,0.0,47714,47177,7
Jebbison,0.0,48,0.0,0,0,0.0,0.0,0.0,0.0,1687,2633,0
Lowe,0.4,43,0.0,0,6,9.7,61.6,18.1,18.0,1477,7026,0
McBurnie,2.4,54,0.0,0,29,52.7,185.8,99.2,242.0,9433,11424,4
Ndiaye,0.0,55,0.0,0,0,0.0,0.0,0.0,0.0,0,2147,0
Norrington-Davies,0.2,39,0.2,1,1,0.0,0.0,0.0,0.0,27472,16996,0
Norwood,1.0,48,0.0,2,34,60.0,269.4,250.6,80.0,9750,9598,3
Osborn,0.2,48,0.0,1,9,9.8,39.2,52.3,9.0,842,2825,0
Osula,0.8,43,1.5,2,12,16.7,17.6,20.9,135.0,266483,275471,0
Austin,0.0,39,0.2,0,0,0.0,0.0,0.0,0.0,9212,14447,0
Bentancur,0.2,54,0.0,1,4,6.0,24.0,21.4,17.0,4043,3832,0
Bissouma,0.6,50,0.3,0,24,53.4,253.2,159.9,120.0,82375,92491,0
Bryan,0.6,49,0.0,1,9,13.1,19.8,52.0,58.0,1532,1457,0
Davies,3.4,43,0.6,2,29,38.7,266.6,41.0,77.0,41978,64450,0
Dier,0.4,42,0.5,1,2,6.0,55.8,1.0,4.0,33479,98522,0
E.Royal,1.4,44,0.8,1,22,33.5,233.4,64.5,35.0,157332,184749,4
Forster,0.0,39,1.9,0,0,0.0,0.0,0.0,0.0,38418,221767,0
Højbjerg,1.2,52,0.3,1,21,32.0,163.6,92.5,63.0,16266,50696,0
Kane,0.0,125,0.6,0,0,0.0,0.0,0.0,0.0,565,320814,0
Kulusevski,3.6,71,3.4,0,79,158.2,414.0,596.8,574.0,777639,601442,9
Lloris,0.0,48,0.6,0,0,0.0,0.0,0.0,0.0,32015,68532,0
Lo Celso,2.8,48,0.1,11,36,41.3,180.4,157.0,75.0,36281,36345,6
Maddison,0.0,78,7.8,0,63,109.6,330.0,451.0,316.0,4228243,4830114,6
Ndombele,0.0,44,0.2,0,0,0.0,0.0,0.0,0.0,12864,50155,0
Pedro Porro,4.4,57,28.9,2,77,122.2,479.2,554.4,187.0,3503371,826548,11
Perišić,0.0,47,0.8,0,6,14.0,41.6,71.2,27.0,58631,290250,0
Reguilón,0.4,44,0.3,1,18,22.1,70.6,120.8,29.0,153419,151832,2
Richarlison,8.2,69,7.8,8,73,89.6,325.2,128.8,444.0,1033300,631292,3
Rodon,0.0,40,0.1,0,0,0.0,0.0,0.0,0.0,0,14110,0
Romero,1.8,49,7.4,0,62,58.0,391.6,88.2,98.0,2431910,2019332,11
Sánchez,0.0,44,0.1,0,0,2.6,17.0,5.0,4.0,2363,14769,0
Sarr,3.2,45,1.9,6,53,75.8,274.4,245.0,235.0,594846,534595,2
Sessegnon,0.0,44,0.0,0,0,0.0,0.0,0.0,0.0,648,1031,0
Skipp,0.8,46,0.1,0,14,18.0,59.2,77.2,47.0,7757,23052,0
Son,8.0,98,34.5,9,136,180.2,631.8,486.3,685.0,6156439,3387327,18
Spence,0.0,40,0.2,0,0,0.0,0.0,0.0,0.0,6594,45799,0
Tanganga,0.0,40,0.3,0,0,0.0,0.0,0.0,0.0,11423,66340,0
Udogie,3.2,48,9.7,2,47,70.7,314.2,210.4,182.0,2661677,1989566,5
Vicario,3.6,53,8.9,3,70,55.8,557.6,0.0,0.0,1261474,578726,7
Whiteman,0.0,39,0.2,0,0,0.0,0.0,0.0,0.0,17285,23091,0
N.Aguerd,1.2,45,0.7,0,33,49.6,332.0,41.6,121.0,108093,117648,0
Antonio,0.0,57,1.8,0,38,36.4,142.8,86.9,138.0,659667,788323,4
Areola,5.8,42,34.8,11,74,51.7,516.4,0.0,0.0,2480998,1167727,8
Benrahma,0.6,56,0.4,3,20,44.6,85.4,164.9,196.0,33368,89689,0
Bowen,5.4,81,33.2,3,111,148.1,559.6,208.8,712.0,5559688,2722061,8
Cornet,0.0,52,0.0,0,1,0.2,2.2,0.0,0.0,1716,6229,0
Coufal,3.6,47,4.6,0,62,73.7,411.6,290.4,34.0,764952,336576,6
Coventry,0.0,43,0.1,0,0,0.0,0.0,0.0,0.0,6701,9877,0
Cresswell,-0.2,42,0.3,0,2,3.8,15.2,22.1,0.0,18594,81763,0
Downes,0.0,50,0.0,0,0,0.0,0.0,0.0,0.0,126,1992,0
Emerson,5.6,45,1.5,6,54,62.2,310.4,216.0,95.0,197450,102052,6
Fabianski,1.8,42,1.3,0,12,8.3,83.0,0.0,0.0,53192,215293,1
P.Fornals,1.2,46,0.1,3,17,18.6,48.8,61.9,75.0,3678,9689,0
Ings,0.2,56,0.6,0,10,3.0,13.4,2.1,15.0,41817,167899,0
Johnson,1.2,44,0.1,5,6,1.8,12.4,2.7,2.0,2675,6286,0
Kehrer,0.0,42,0.1,0,2,0.9,8.6,0.7,0.0,4290,12004,0
Mubama,0.6,42,5.2,1,4,0.7,0.0,2.0,5.0,606932,1176440,0
L.Paquetá,4.4,60,1.8,0,63,93.6,347.6,419.7,169.0,291654,296919,5
Rice,1.8,54,5.2,2,69,89.5,451.6,273.1,170.0,480729,631023,7
Scamacca,0.0,60,0.0,0,0,0.0,0.0,0.0,0.0,0,4960,0
Souček,4.0,49,1.5,3,72,81.5,396.6,94.0,326.0,309069,269602,5
Vlašić,0.0,45,0.0,0,0,0.0,0.0,0.0,0.0,0,13581,0
Zouma,2.2,45,1.5,0,44,41.5,284.8,17.4,113.0,266187,235318,4
Aït-Nouri,3.0,45,0.4,5,28,42.7,188.6,172.1,68.0,71601,75532,1
Bentley,0.2,39,1.2,0,16,5.7,57.4,0.0,0.0,139364,71202,1
Bolla,0.0,40,0.4,0,0,0.0,0.0,0.0,0.0,11202,56812,0
H.Bueno,0.8,44,0.1,1,19,17.4,76.4,74.4,25.0,6904,13326,0
Chiquinho,0.0,45,0.0,0,0,0.0,0.0,0.0,0.0,0,736,0
Cundle,0.0,45,0.0,0,0,0.0,0.0,0.0,0.0,0,1914,0
Dawson,4.8,45,0.8,14,50,65.4,420.8,63.0,170.0,119805,69295,5
Fábio Silva,0.0,52,0.2,0,8,16.9,25.2,51.6,93.0,17549,32062,0
Giles,0.8,43,0.1,0,11,23.1,83.2,108.7,38.0,9616,18112,0
Guedes,0.0,54,0.0,0,0,0.0,0.0,0.0,0.0,1001,7691,0
Hodge,0.0,44,0.0,0,0,0.0,0.0,0.0,0.0,4056,9665,0
Hoever,0.0,40,0.0,0,0,0.0,0.0,0.0,0.0,0,5076,0
Hee Chan,5.2,57,8.9,6,100,110.0,442.8,203.6,451.0,1920658,1027932,10
Raúl,2.8,52,1.5,7,52,70.5,243.2,144.7,326.0,413085,385300,10
João Gomes,2.2,49,0.1,3,34,42.4,184.4,175.9,64.0,6229,8396,0
J.Otto,0.0,43,0.0,0,1,0.5,5.0,0.0,0.0,1438,5451,0
Jordão,0.0,43,0.2,0,0,0.0,0.0,0.0,0.0,16360,22448,0
Kalajdžić,0.2,49,0.1,0,24,20.7,94.0,48.7,66.0,25701,30620,4
Kilman,3.8,45,0.8,13,48,69.1,432.4,138.4,118.0,102728,101889,3
King,0.0,39,0.7,0,0,0.0,0.0,0.0,0.0,18302,33636,0
Lemina,4.4,49,0.1,0,56,74.1,346.8,95.2,297.0,31199,22387,10
Matheus N.,0.8,48,0.1,0,15,22.2,84.0,85.3,53.0,21482,36401,0
Neto,0.2,56,1.5,1,53,84.5,248.0,388.7,213.0,1360461,1275963,5
Podence,0.0,53,0.0,0,0,0.0,0.0,0.0,0.0,868,11649,0
José Sá,2.8,50,1.4,6,52,39.9,397.8,0.0,0.0,174004,179817,4
Sarabia,4.6,47,0.3,3,47,77.3,221.6,423.8,126.0,56026,40222,4
Šarkić,0.0,40,0.3,0,0,0.0,0.0,0.0,0.0,0,27353,0
N.Semedo,2.6,45,0.7,6,40,53.9,279.6,184.1,74.0,100414,73815,0
Toti,3.0,44,0.3,6,43,39.1,264.6,47.8,76.0,34171,20084,3
Boubacar Traore,0.4,43,0.4,1,13,11.7,48.4,57.0,10.0,38301,59332,0
Lockyer,0.2,43,0.1,0,23,40.6,286.2,39.2,80.0,31743,36918,1
Robinson,1.4,44,0.1,1,18,43.6,309.4,72.5,52.0,13444,15286,1
Ogbonna,2.6,43,0.1,6,17,8.3,82.2,0.7,0.0,5850,8896,0
Nelson,0.6,48,0.0,1,8,7.4,20.6,41.2,13.0,6281,7534,0
Lonergan,0.0,39,0.1,0,0,0.0,0.0,0.0,0.0,2273,3898,0
Karius,0.0,39,0.3,0,0,0.0,0.0,0.0,0.0,12436,14979,0
Dummett,0.0,39,0.4,0,1,0.3,3.0,0.2,0.0,44899,33609,0
Mpanzu,0.5,47,0.0,0,24,18.0,71.0,68.6,41.0,3724,7012,0
Solomon,0.0,51,0.1,0,14,28.0,73.4,144.3,61.0,18863,28526,2
Pau,1.8,47,5.7,1,61,53.9,313.2,122.2,103.0,843242,526768,4
J.Timber,0.0,46,0.4,0,0,0.6,3.6,2.4,0.0,12186,478823,0
Chong,0.5,48,0.1,1,23,27.2,103.2,64.8,108.0,11746,18269,0
Slimane,1.2,47,0.0,2,9,12.2,28.2,41.2,52.0,760,5186,0
Young,0.2,44,0.3,0,26,41.6,147.6,238.6,28.0,30385,73024,2
Ângelo,0.0,50,0.0,0,0,0.0,0.0,0.0,0.0,0,997,0
Cunha,5.8,58,6.9,12,85,133.2,483.0,282.8,570.0,1056348,402713,9
Willian,1.6,53,0.6,2,62,83.9,256.2,336.8,248.0,176951,181388,6
Larouci,0.0,43,0.0,0,4,8.6,52.4,2.9,31.0,1196,4168,0
T.Bénie,0.0,51,0.0,0,11,11.2,25.8,56.7,31.0,7991,12721,0
Amdouni,3.0,53,0.2,7,54,78.2,253.2,168.7,359.0,78809,73781,6
Kerkez,1.5,44,0.2,0,31,32.1,187.0,104.1,30.0,36066,41379,1
Trafford,4.6,45,1.1,2,57,68.1,680.4,0.1,0.0,81883,83656,4
Onana,3.0,48,13.1,1,72,58.1,559.8,20.2,0.0,885051,2306536,5
Doherty,2.4,43,0.2,1,20,24.2,100.4,79.0,63.0,16212,26400,1
Diaby,2.8,66,9.1,7,85,109.6,298.2,363.2,435.0,2258015,2051720,5
Redmond,0.6,47,0.0,0,11,9.4,23.8,52.5,18.0,763,4640,0
Danjuma,0.6,52,0.1,1,20,37.5,70.2,64.7,239.0,29476,37796,0
Kaboré,0.2,40,4.0,0,25,38.8,180.6,158.7,50.0,565308,728796,3
Barnes,0.0,62,1.0,0,17,14.0,57.6,29.9,53.0,197545,447629,2
Aina,1.0,45,0.3,2,34,28.8,186.2,75.7,26.0,69133,56381,2
Koleosho,0.0,48,0.1,0,40,44.5,86.8,147.9,213.0,42650,42056,0
Igor,0.8,43,0.1,0,13,21.1,133.4,67.3,10.0,17744,21865,1
Radu,0.0,44,0.1,0,2,3.3,33.0,0.0,0.0,5115,9023,0
Bruun Larsen,0.8,49,0.0,0,30,40.6,106.0,162.0,143.0,2948,3398,0
Maatsen,0.8,51,0.1,0,11,10.3,29.4,44.8,29.0,3333,10578,0
Bassey,1.6,44,0.2,1,22,25.7,219.8,23.2,13.0,13133,29886,0
Disasi,2.2,49,3.9,0,51,49.4,342.8,69.1,82.0,951824,784663,4
Ugochukwu,0.2,44,0.2,0,11,7.1,47.0,22.0,2.0,44524,44281,0
Kaminski,2.8,45,0.3,2,43,55.5,555.2,0.0,0.0,58286,46824,1
Matheus França,0.6,48,0.0,1,5,7.2,6.8,53.8,13.0,904,1535,0
Gvardiol,2.5,48,3.4,6,39,52.0,216.2,176.4,127.0,601454,657452,1
Højlund,2.0,68,3.1,0,30,50.6,83.4,152.8,272.0,1155152,1017279,1
Kellyman,0.0,45,0.1,0,0,0.0,0.0,0.0,0.0,6886,7467,0
Greenwood,0.0,40,0.2,0,0,0.0,0.0,0.0,0.0,14230,15479,0
Olakigbe,1.0,45,0.0,1,8,3.5,4.8,4.1,27.0,3299,3293,0
Hinshelwood,3.4,45,0.1,3,30,41.0,141.0,72.1,197.0,14931,6253,5
Dodgson,0.0,40,0.0,0,0,0.0,0.0,0.0,0.0,467,3488,0
Burstow,0.0,45,0.1,0,2,0.3,0.4,0.6,2.0,4401,14034,0
Dobbin,1.4,45,0.1,0,13,11.1,55.6,13.5,43.0,10153,9062,0
De Fougerolles,0.0,40,0.1,0,0,0.0,0.0,0.0,0.0,3407,4646,0
Quansah,1.4,40,0.1,0,12,5.3,43.2,5.7,4.0,20863,14249,0
Clark,0.0,44,0.0,0,0,0.0,0.0,0.0,0.0,1458,2119,0
Doak,0.0,44,0.0,0,1,0.1,0.2,0.8,0.0,5146,7807,0
McConnell,0.0,44,0.0,0,1,0.1,1.0,0.0,0.0,1143,1664,0
Barkley,4.2,49,0.2,8,41,62.3,252.2,209.7,163.0,34209,29394,1
Brown,1.5,49,0.2,0,38,50.9,159.4,115.9,242.0,32320,29933,3
Forson,0.0,44,0.0,0,0,0.0,0.0,0.0,0.0,1001,1450,0
Livramento,2.4,44,1.5,0,26,26.0,139.4,89.9,29.0,231634,104779,4
A.Murphy,0.0,39,0.4,0,1,0.0,0.2,0.1,0.0,46735,44378,0
Miley,2.2,45,0.2,0,24,33.9,116.4,99.2,124.0,34064,17874,1
G.Shelvey,0.0,39,0.0,0,0,0.0,0.0,0.0,0.0,1764,3044,0
Powell,0.0,39,0.1,0,0,0.0,0.0,0.0,0.0,6878,7683,0
Vini Souza,2.2,50,0.0,2,34,35.8,254.8,45.3,58.0,3044,2814,1
Van de Ven,0.0,44,1.1,0,43,25.4,206.6,14.0,32.0,734911,691450,4
Scarlett,0.0,45,0.1,0,0,0.0,0.0,0.0,0.0,7772,30239,0
Veliz,1.4,54,0.1,1,11,6.5,35.2,0.9,29.0,8832,11567,0
Álvarez,2.4,50,0.2,3,34,36.0,265.6,57.0,39.0,18646,20275,0
Aarons,0.0,44,0.1,0,23,27.3,154.0,96.6,22.0,28791,30193,0
Scott,3.8,49,0.0,6,18,19.8,97.8,72.5,29.0,3070,2250,3
Y. Chermiti,0.0,48,0.0,0,6,2.7,0.0,13.5,17.0,5735,8439,0
Hein,0.0,40,0.1,0,0,0.0,0.0,0.0,0.0,4507,3801,0
Anang,0.0,40,0.1,0,0,0.0,0.0,0.0,0.0,5417,4222,0
Francis-Clarke,0.0,40,0.0,0,0,0.0,0.0,0.0,0.0,713,1383,0
Cannon,0.0,45,0.0,0,1,0.0,0.0,0.0,0.0,2480,3759,0
Onyango,0.0,45,0.0,0,1,0.0,0.0,0.0,0.0,1532,1458,0
Stansfield,0.0,45,0.0,0,0,0.0,0.0,0.0,0.0,1655,2380,0
Dibley-Dias,0.0,45,0.0,0,0,0.0,0.0,0.0,0.0,1069,1036,0
Seriki,0.0,40,0.1,0,0,0.0,0.0,0.0,0.0,5047,4526,0
Marsh,0.0,45,0.0,0,0,0.0,0.0,0.0,0.0,3568,4753,0
Brooks,1.6,44,0.0,2,12,5.4,35.0,4.9,13.0,5996,4935,0
Hackford,0.0,44,0.1,0,2,0.0,0.0,0.3,0.0,11711,10664,0
Rak-Sakyi,0.0,45,0.0,0,8,11.0,23.2,28.2,58.0,5158,4717,0
Gordon,0.0,45,0.0,0,0,0.0,0.0,0.0,0.0,7045,9323,0
Bergström,0.0,39,0.0,0,0,0.0,0.0,0.0,0.0,1849,1654,0
Odobert,5.2,50,0.1,2,37,42.2,181.8,122.3,119.0,6878,3176,3
Harrison,3.4,55,0.1,2,54,67.7,236.4,233.6,207.0,35439,26205,3
Adama,0.0,49,0.0,0,4,3.5,9.6,5.0,21.0,6209,6796,0
Hamer,2.6,50,0.2,0,51,76.2,261.8,371.1,130.0,62375,53181,3
Ward-Prowse,3.4,60,8.2,3,82,124.6,482.6,565.2,199.0,2321515,1612927,9
Krul,0.0,44,0.0,0,0,0.0,0.0,0.0,0.0,3263,3382,0
T.Davies,0.0,50,0.0,0,2,2.8,6.4,13.0,8.0,578,657,0
Lavia,0.2,49,0.0,0,1,0.6,3.6,1.9,0.0,1414,1547,0
Endo,1.6,54,0.1,1,25,25.9,124.6,108.8,28.0,14648,12275,0
Vítek,0.0,40,0.0,0,0,0.0,0.0,0.0,0.0,2627,1771,0
Marschall,0.0,40,0.0,0,0,0.0,0.0,0.0,0.0,3025,2009,0
Humphreys,0.0,40,0.0,0,0,0.0,0.0,0.0,0.0,629,973,0
Zaniolo,1.4,54,0.1,0,17,36.1,71.0,72.4,222.0,12802,11420,0
Adams,0.0,49,0.0,0,0,0.0,0.0,0.0,0.0,641,619,0
Delcroix,0.6,40,0.0,1,6,14.3,63.2,37.8,42.0,4645,3538,0
A.Ramsey,0.6,50,0.0,1,12,7.3,29.0,21.6,24.0,9359,8029,0
Mavropanos,5.4,45,0.2,6,28,17.7,106.2,15.8,56.0,18660,3828,3
Deivid,0.0,45,0.1,0,1,0.4,0.0,0.1,4.0,10219,8030,0
Doku,0.0,65,2.2,0,49,86.4,273.6,263.0,327.0,1325382,1143096,9
G.Montiel,2.6,44,0.1,12,15,13.7,70.6,52.4,13.0,8343,5023,3
Beach,0.0,40,0.0,0,0,0.0,0.0,0.0,0.0,1437,1093,0
Diego Moreira,0.0,45,0.0,0,0,0.0,0.0,0.0,0.0,236,282,0
Johnson,0.0,40,0.0,0,0,0.0,0.0,0.0,0.0,4419,3214,0
Harris,0.0,45,0.0,0,2,2.1,3.2,0.7,17.0,4640,3715,0
Brierley,0.0,45,0.0,0,0,0.0,0.0,0.0,0.0,1716,1333,0
Gore,0.2,45,0.0,0,1,0.3,3.0,0.0,0.0,738,625,0
Zych,0.0,40,0.1,0,0,0.0,0.0,0.0,0.0,6697,5632,0
Petrović,2.8,45,1.0,2,14,10.0,100.2,0.0,0.0,116779,20902,0
Castagne,2.4,45,0.6,2,43,47.5,211.0,164.9,99.0,148726,93695,3
Kudus,6.0,69,6.1,0,76,70.3,336.0,177.2,191.0,1123162,512278,11
Baleba,0.4,45,0.1,0,13,19.0,96.4,69.2,24.0,16302,11957,0
Beto,1.2,57,0.1,1,23,31.5,64.4,78.0,180.0,60491,53108,0
Benda,0.0,40,0.0,0,0,0.0,0.0,0.0,0.0,2830,1612,0
Thomas,0.2,40,0.1,1,7,24.7,127.8,53.9,64.0,10745,7008,0
Massengo,0.0,50,0.0,0,0,0.0,0.0,0.0,0.0,394,420,0
Altay,0.0,40,0.1,0,0,0.0,0.0,0.0,0.0,13234,4884,0
Murillo,2.0,45,0.1,2,30,45.8,308.8,64.1,85.0,13393,8213,1
S.Bueno,0.6,45,0.0,0,4,5.0,49.0,0.9,0.0,2783,2280,0
González,0.0,50,0.0,0,0,0.0,0.0,0.0,0.0,1624,1490,0
Lenglet,1.6,45,0.1,2,8,8.7,49.8,29.8,8.0,14131,6411,0
Ansu Fati,0.0,64,0.3,0,21,32.7,97.0,54.5,176.0,177968,164179,1
Ghoddos,1.5,45,0.0,1,21,34.1,132.0,162.4,45.0,13123,9107,0
Phillips,0.0,40,0.1,0,0,0.0,0.0,0.0,0.0,11203,8923,0
Evans,1.8,40,1.0,1,32,21.5,153.8,45.6,15.0,276175,180837,3
Fraser,0.0,45,0.1,0,0,0.0,0.0,0.0,0.0,14538,11379,0
Sinisterra,2.5,55,0.0,2,28,43.1,146.0,124.6,160.0,6279,4548,0
M.Trésor,1.2,54,0.0,1,17,17.5,40.4,109.4,24.0,4555,4143,0
Ballo-Touré,0.4,45,0.0,0,3,1.6,11.2,1.5,2.0,4169,3347,0
Gravenberch,1.8,50,0.1,1,23,33.2,81.6,124.1,127.0,28714,23601,0
Amrabat,0.8,50,0.1,0,14,17.1,100.0,65.8,4.0,32998,28448,0
Odysseas,0.0,45,0.1,0,12,11.2,101.8,10.0,0.0,16664,12901,0
Omobamidele,0.0,45,0.0,0,0,0.0,0.0,0.0,0.0,691,816,0
Dominguez,2.0,50,0.0,9,36,36.1,167.0,54.4,138.0,6877,5478,5
Sangaré,0.2,49,0.0,0,19,26.5,133.2,95.6,36.0,1877,1692,0
Origi,0.2,50,0.1,0,8,5.8,10.6,27.9,24.0,31603,27003,0
Bellegarde,2.0,49,0.0,1,27,33.1,151.6,89.4,91.0,6184,5025,1
Gilchrist,0.4,40,0.0,1,2,0.3,3.0,0.0,0.0,2146,1533,0
Stutter,0.0,45,0.0,0,0,0.0,0.0,0.0,0.0,5099,3817,0
Matos,0.0,45,0.0,0,1,0.0,0.0,0.0,0.0,1272,1027,0
Hunt,0.0,45,0.0,0,0,0.0,0.0,0.0,0.0,932,707,0
Ola-Adebomi,0.0,45,0.0,0,0,0.0,0.0,0.0,0.0,5559,4086,0
Ozoh,0.4,45,0.0,0,3,1.7,14.6,2.2,0.0,947,717,0
Donley,0.2,45,0.0,0,2,0.3,3.0,0.0,0.0,7122,5174,0
Brooking,0.0,40,0.0,0,0,0.0,0.0,0.0,0.0,1486,1144,0
Raymond,0.0,45,0.0,0,0,0.0,0.0,0.0,0.0,661,467,0
Kim Ji-Soo,0.0,40,0.0,0,0,0.0,0.0,0.0,0.0,3153,2147,0
Chambers,0.0,40,0.0,0,0,0.0,0.0,0.0,0.0,1922,1384,0
Townsend,5.0,50,0.2,2,39,36.8,132.0,147.4,89.0,38452,15747,3
Scanlon,0.0,39,0.0,0,0,0.0,0.0,0.0,0.0,627,589,0
Luker,0.0,45,0.0,0,0,0.0,0.0,0.0,0.0,742,541,0
Oné,0.0,45,0.0,0,1,0.0,0.0,0.3,0.0,422,310,0
Buyabu,0.0,40,0.0,0,0,0.0,0.0,0.0,0.0,1335,873,0
Tanton,0.0,40,0.0,0,0,0.0,0.0,0.0,0.0,1389,889,0
Adedokun,0.0,40,0.0,0,0,0.0,0.0,0.0,0.0,2427,1209,0
Nelson,0.0,45,0.0,0,0,0.0,0.0,0.0,0.0,823,566,0
Sagoe,0.0,45,0.0,0,0,0.0,0.0,0.0,0.0,576,387,0
Walters,0.0,40,0.0,0,0,0.0,0.0,0.0,0.0,2347,1390,0
Ibrahim,0.0,45,0.0,0,0,0.0,0.0,0.0,0.0,491,349,0
Diallo,0.0,45,0.0,0,1,0.0,0.0,0.0,0.0,856,504,0
Parkinson,0.0,45,0.0,0,1,0.2,2.0,0.0,0.0,3435,2310,0
Dorrington,0.0,40,0.0,0,0,0.0,0.0,0.0,0.0,1356,849,0
O’Mahony,0.0,45,0.0,0,0,0.0,0.0,0.0,0.0,3394,2162,0
Baker-Boaitey,0.0,45,0.0,0,2,0.4,3.6,1.0,0.0,539,313,0
Nyoni,0.0,45,0.0,0,0,0.0,0.0,0.0,0.0,137,109,0
Peart-Harris,0.2,45,0.0,0,3,1.5,2.2,10.9,2.0,182,132,0
Ndiweni,0.0,44,0.0,0,1,0.0,0.2,0.0,0.0,1954,1243,0
Jackson,0.0,40,0.0,0,0,0.0,0.0,0.0,0.0,2148,1076,0
Duffus,0.0,44,0.0,0,0,0.0,0.0,0.0,0.0,303,196,0
Hugill,0.0,45,0.0,0,0,0.0,0.0,0.0,0.0,1223,856,0
Whittingham,0.0,45,0.0,0,0,0.0,0.0,0.0,0.0,233,152,0
Chirewa,0.0,44,0.0,0,0,0.0,0.0,0.0,0.0,406,280,0
Hubner,0.0,40,0.0,0,0,0.0,0.0,0.0,0.0,2046,988,0
Angelini,0.0,40,0.0,0,0,0.0,0.0,0.0,0.0,611,295,0
Kavanagh,0.0,40,0.0,0,0,0.0,0.0,0.0,0.0,472,307,0
Yago Santiago,0.0,45,0.0,0,0,0.0,0.0,0.0,0.0,238,136,0
Barrington,0.0,45,0.0,0,0,0.0,0.0,0.0,0.0,171,101,0
Pitaluga,0.0,40,0.0,0,0,0.0,0.0,0.0,0.0,131,92,0
Bradley,0.0,40,0.0,0,0,0.0,0.0,0.0,0.0,317,164,0
Castledine,0.0,45,0.0,0,0,0.0,0.0,0.0,0.0,130,81,0
Peck,0.2,45,0.0,0,1,0.0,0.0,0.1,0.0,77,54,0
Metcalfe,0.0,45,0.0,0,0,0.0,0.0,0.0,0.0,52,27,0
Campbell,0.0,40,0.0,0,0,0.0,0.0,0.0,0.0,393,149,0
Susoho,0.0,45,0.0,0,0,0.0,0.0,0.0,0.0,55,33,0
Adaramola,0.0,40,0.0,0,0,0.0,0.0,0.0,0.0,649,222,0
Lewis-Skelly,0.0,45,0.0,0,0,0.0,0.0,0.0,0.0,30,22,0
Proctor,0.0,40,0.0,0,0,0.0,0.0,0.0,0.0,148,47,0
Kambwala,0.5,40,0.0,0,2,1.9,18.0,1.4,0.0,668,257,0
O'Reilly,0.0,45,0.0,0,0,0.0,0.0,0.0,0.0,110,43,0
Bennett,0.0,40,0.0,0,0,0.0,0.0,0.0,0.0,113,54,0
Hesketh,0.0,45,0.0,0,0,0.0,0.0,0.0,0.0,76,31,0
Barnett,0.0,45,0.0,0,0,0.0,0.0,0.0,0.0,226,93,0
Hamilton,0.0,45,0.0,0,0,0.0,0.0,0.0,0.0,47,19,0
Nwaneri,0.0,45,0.0,0,0,0.0,0.0,0.0,0.0,17,4,0
Orford,0.0,45,0.0,0,0,0.0,0.0,0.0,0.0,15,3,0
Casey,0.0,40,0.0,0,0,0.0,0.0,0.0,0.0,84,12,0
